_,Starting chaos monkey,2024-11-06 18:45:01_367
site_3,Unregistering VLDL8R9MLBDXZGFD from site_3,2024-11-06 18:45:08_093
site_1,Changing vlan type for 1JA66YA9RC9YXJM0 from site_1,2024-11-06 18:45:11_759
site_6,Changing state of ftp-client from site_6,2024-11-06 18:45:16_773
site_3,Changing c vlan for VSNOX4XN2F119TLF from site_3,2024-11-06 18:45:21_961
site_2,Changing state of trace from site_2,2024-11-06 18:45:23_444
site_3,Changing state of sshv6 from site_3,2024-11-06 18:45:24_854
site_4,Unregistering 5FTEXMZSULPLJGQW from site_4,2024-11-06 18:45:26_395
site_3,Changing snmp profile for TNPCTYKUCZROKN01 from site_3,2024-11-06 18:45:28_366
site_1,Changing vlan type for 1R27HZZ2VD6UQSPQ from site_1,2024-11-06 18:45:31_145
site_3,Changing state of ssh from site_3,2024-11-06 18:45:34_208
site_6,Changing vlan type for VLDL8R9MLBDXZGFD from site_6,2024-11-06 18:45:36_612
site_4,Changing s vlan for AWG7P12021AIWD9K from site_4,2024-11-06 18:45:42_372
site_2,Changing c vlan for Y0JZV5MS7R729Y59 from site_2,2024-11-06 18:45:45_715
site_5,Changing s vlan for LKF3A5AIBFVX4MID from site_5,2024-11-06 18:45:55_255
site_6,Changing gemport for NZP5SZV77UE91P2C from site_6,2024-11-06 18:46:01_055
site_2,Changing state of sftp-client from site_2,2024-11-06 18:46:03_372
site_6,Changing c vlan for F67SJS1JI0XF3NLA from site_6,2024-11-06 18:46:26_840
site_3,Changing c vlan for 2XM257RI6FRLACLW from site_3,2024-11-06 18:46:30_751
site_3,Changing snmp profile for VQA79GQOC8R98O9K from site_3,2024-11-06 18:46:46_825
site_1,Changing vlan type for MTX14U3U0504EY1U from site_1,2024-11-06 18:46:51_932
site_5,Changing c vlan for 31UZELURHMCW7Q62 from site_5,2024-11-06 18:46:58_376
site_2,Changing snmp profile for NZAR2LTS5ALHNILV from site_2,2024-11-06 18:47:00_410
site_6,Changing snmp profile for BL48FVSIVLPQHFTN from site_6,2024-11-06 18:47:00_864
site_3,Changing gemport for Y17KNLHTA4AQ9PF5 from site_3,2024-11-06 18:47:01_668
site_1,Changing gemport for CT04UIAMRETQ1465 from site_1,2024-11-06 18:47:02_698
site_2,Changing snmp profile for BH0CURAHQW6D4F3U from site_2,2024-11-06 18:47:05_707
site_6,Changing snmp profile for 8KAAIND4KX7IO872 from site_6,2024-11-06 18:47:13_650
site_3,Changing c vlan for EKAKQTI4OQXDWUKR from site_3,2024-11-06 18:47:15_387
site_6,Unregistering 2GOECE5KV2B207GY from site_6,2024-11-06 18:47:16_735
site_4,Changing vlan type for N9DHWUN4K0HUIEL9 from site_4,2024-11-06 18:47:17_996
site_5,Changing s vlan for SPKSLG6XT8MI4VWL from site_5,2024-11-06 18:47:19_660
site_5,Unregistering 1O4AEVCSV6PIWWYA from site_5,2024-11-06 18:47:29_432
site_6,Changing state of web-proxy from site_6,2024-11-06 18:47:37_803
site_1,Changing c vlan for 05NAESQN6IHL15XZ from site_1,2024-11-06 18:47:44_997
site_4,Changing c vlan for ZNVYMWQ8R4KEOSRQ from site_4,2024-11-06 18:47:53_614
site_3,Changing state of mqtt from site_3,2024-11-06 18:48:00_666
site_1,Changing gemport for 642LYDWPBGETNHQU from site_1,2024-11-06 18:48:05_035
site_1,Unregistering 1MXL3CIUXTF6SL4F from site_1,2024-11-06 18:48:10_419
site_3,Changing s vlan for P39J6SKQN0JZ1S2Y from site_3,2024-11-06 18:48:21_809
site_4,Changing state of web-proxy from site_4,2024-11-06 18:48:35_372
site_2,Changing c vlan for OI7SXZ98H350MXW6 from site_2,2024-11-06 18:48:36_946
site_4,Changing c vlan for 31UZELURHMCW7Q62 from site_4,2024-11-06 18:48:40_577
site_4,Unregistering P8CH5S6K81QI40BJ from site_4,2024-11-06 18:48:52_630
site_2,Changing s vlan for PIBM83RJO5AZ00XR from site_2,2024-11-06 18:49:02_513
site_1,Changing gemport for DXXKS2LA55OLOXPJ from site_1,2024-11-06 18:49:08_536
site_3,Changing s vlan for EKNXQV1ONQPO2YCW from site_3,2024-11-06 18:49:15_142
site_3,Changing snmp profile for 1JI2FE5JBN4RVX2J from site_3,2024-11-06 18:49:17_670
site_5,Changing state of ntp from site_5,2024-11-06 18:49:17_800
site_4,Changing snmp profile for RX4GRHMR7K4NR5IU from site_4,2024-11-06 18:49:23_272
site_1,Changing s vlan for 31UZELURHMCW7Q62 from site_1,2024-11-06 18:49:35_229
site_6,Changing s vlan for 573QEOO7KIIAI2X2 from site_6,2024-11-06 18:49:52_667
site_6,Changing c vlan for LKF3A5AIBFVX4MID from site_6,2024-11-06 18:50:01_308
site_5,Changing snmp profile for FDOOR30KFJ9RGKEB from site_5,2024-11-06 18:50:12_771
site_3,Changing gemport for DFNS5G7X6XW2U1G3 from site_3,2024-11-06 18:50:15_065
site_5,Changing gemport for 7YLKAQ39JV1U3W7G from site_5,2024-11-06 18:50:18_329
site_3,Changing s vlan for MO5APDHQUSPXDUCK from site_3,2024-11-06 18:50:33_319
site_5,Changing s vlan for GUWJ1YVP2ZC0N1W1 from site_5,2024-11-06 18:50:37_783
site_3,Changing vlan type for QS3PYY5SU7OC31X2 from site_3,2024-11-06 18:50:44_321
site_4,Unregistering VDPA8HMYO46FD7P5 from site_4,2024-11-06 18:51:02_656
site_1,Changing s vlan for CU0O1DT8GC1VVJ63 from site_1,2024-11-06 18:51:03_200
site_6,Changing c vlan for R177TFGST2G9HFQ4 from site_6,2024-11-06 18:51:07_406
site_5,Unregistering 7X2YLO0XPELWN39Q from site_5,2024-11-06 18:51:21_628
site_5,Changing s vlan for NKMOUK7JSMJZNAOQ from site_5,2024-11-06 18:51:23_493
site_2,Changing c vlan for 1FJVWZ9IP8743WIA from site_2,2024-11-06 18:51:26_205
site_1,Changing gemport for I86PNM4QN1FN0BCW from site_1,2024-11-06 18:51:33_842
site_3,Changing gemport for NGPU9MKX7FRAACK9 from site_3,2024-11-06 18:51:34_948
site_5,Changing snmp profile for PHO3PFUX98152DSS from site_5,2024-11-06 18:51:37_479
site_1,Changing c vlan for NZP5SZV77UE91P2C from site_1,2024-11-06 18:51:38_970
site_6,Changing s vlan for DIRF87KMCDSFK8Y7 from site_6,2024-11-06 18:51:48_292
site_5,Changing snmp profile for VYRIWAY1V934NQL9 from site_5,2024-11-06 18:51:51_483
site_6,Changing s vlan for 8AYJTLOM2JNS3JH6 from site_6,2024-11-06 18:52:07_951
site_3,Changing s vlan for 9GY8A0XGZY7FL12D from site_3,2024-11-06 18:52:17_030
site_5,Changing c vlan for 1PFU6XVGK9LWB8CD from site_5,2024-11-06 18:52:19_190
site_2,Changing c vlan for EUP4QSF4DSKS6QNP from site_2,2024-11-06 18:52:28_040
site_1,Changing gemport for KR12NS4D1EKKO8QP from site_1,2024-11-06 18:52:31_192
site_2,Unregistering 5XTGVQURJUZHONUC from site_2,2024-11-06 18:52:43_752
site_1,Changing snmp profile for 39T3H133GTEI0IXX from site_1,2024-11-06 18:52:46_469
site_4,Changing s vlan for BN309D2RC49NR79V from site_4,2024-11-06 18:52:48_166
site_5,Unregistering 0368FNRZBAZ3P6O7 from site_5,2024-11-06 18:52:50_045
site_4,Changing vlan type for D7F90VXRVQHZGKWI from site_4,2024-11-06 18:52:57_984
site_3,Changing state of dhcpv6-relay from site_3,2024-11-06 18:53:04_817
site_5,Changing vlan type for 50L7ZLE4YXQGHLMW from site_5,2024-11-06 18:53:07_619
site_4,Changing gemport for OMNV53CT3BYRAT08 from site_4,2024-11-06 18:53:11_667
site_4,Changing c vlan for 50L7ZLE4YXQGHLMW from site_4,2024-11-06 18:53:20_360
site_5,Changing state of dhcpv6-relay from site_5,2024-11-06 18:53:21_166
site_4,Unregistering SLKZZO5DO1LDD0GW from site_4,2024-11-06 18:53:30_566
site_3,Changing state of trace from site_3,2024-11-06 18:53:39_315
site_2,Changing s vlan for VIR006AEXATFC1RN from site_2,2024-11-06 18:53:45_472
site_2,Changing snmp profile for VKB8IRQLK3BCRBJ0 from site_2,2024-11-06 18:53:51_390
site_3,Changing state of web-proxy from site_3,2024-11-06 18:53:53_622
site_3,Changing snmp profile for QNNB6OUYK3FRUGNL from site_3,2024-11-06 18:53:54_493
site_1,Unregistering IM5SJO3JX02LQ8QC from site_1,2024-11-06 18:53:59_581
site_2,Changing snmp profile for C0RLC7ZLAR2CT8N9 from site_2,2024-11-06 18:54:06_913
site_4,Changing vlan type for UZ01DS0MMIR5F88S from site_4,2024-11-06 18:54:11_648
site_2,Changing gemport for KR12NS4D1EKKO8QP from site_2,2024-11-06 18:54:18_135
site_1,Changing snmp profile for K81VFA3HEHDJ6MWH from site_1,2024-11-06 18:54:26_028
site_4,Changing gemport for 6TAXTRKMI9VHBZ4A from site_4,2024-11-06 18:54:44_416
site_1,Changing s vlan for 7YLKAQ39JV1U3W7G from site_1,2024-11-06 18:54:49_146
site_1,Changing c vlan for 7X2YLO0XPELWN39Q from site_1,2024-11-06 18:54:54_175
site_3,Changing gemport for AWG7P12021AIWD9K from site_3,2024-11-06 18:54:57_576
site_4,Changing c vlan for IXILM8MC8OPTBXAX from site_4,2024-11-06 18:55:02_141
site_2,Changing gemport for NZAR2LTS5ALHNILV from site_2,2024-11-06 18:55:12_783
site_5,Changing s vlan for 7FD4W1Q7VBJ5INNG from site_5,2024-11-06 18:55:14_261
site_4,Changing s vlan for 8KAAIND4KX7IO872 from site_4,2024-11-06 18:55:26_498
site_1,Changing c vlan for 1JA66YA9RC9YXJM0 from site_1,2024-11-06 18:55:28_021
site_3,Changing state of telnetv6 from site_3,2024-11-06 18:55:41_437
site_4,Changing vlan type for L38ZL0YFWY3WJYFM from site_4,2024-11-06 18:55:42_783
site_5,Changing gemport for QS3PYY5SU7OC31X2 from site_5,2024-11-06 18:55:51_920
site_1,Changing vlan type for SFA5DFPT09Z8P568 from site_1,2024-11-06 18:55:56_468
site_3,Unregistering EPZ4F8XS0YFBIZFN from site_3,2024-11-06 18:56:00_345
site_5,Changing gemport for 7FD4W1Q7VBJ5INNG from site_5,2024-11-06 18:56:17_915
site_3,Changing s vlan for 2WD2CHO0FE2NIQI6 from site_3,2024-11-06 18:56:18_801
site_6,Changing c vlan for J0NYQG0R99CHUFWM from site_6,2024-11-06 18:56:27_914
site_1,Changing s vlan for OQCSER69Y51FO0UP from site_1,2024-11-06 18:56:37_307
site_4,Unregistering 2XUAPZBQOD8RRH6M from site_4,2024-11-06 18:56:47_445
site_1,Changing vlan type for BPKXBIQ8BH0ZH1IJ from site_1,2024-11-06 18:56:49_844
site_1,Changing snmp profile for PHO3PFUX98152DSS from site_1,2024-11-06 18:56:58_798
site_2,Changing s vlan for PBU27A3CP1HUHG5C from site_2,2024-11-06 18:57:03_067
site_2,Changing c vlan for DX56EQLTQDA4OQ68 from site_2,2024-11-06 18:57:09_755
site_2,Changing state of trace from site_2,2024-11-06 18:57:11_492
site_2,Changing c vlan for L21Z0C9TDZEPYOBW from site_2,2024-11-06 18:57:13_973
site_3,Unregistering KLONOL96UQPP312U from site_3,2024-11-06 18:57:16_057
site_1,Changing gemport for Y7RCDNHOSPO5LXPR from site_1,2024-11-06 18:57:16_305
site_3,Changing s vlan for 1H9G9E40GJFVDFHY from site_3,2024-11-06 18:57:47_509
site_3,Changing c vlan for KR12NS4D1EKKO8QP from site_3,2024-11-06 18:57:52_454
site_4,Changing state of ssh from site_4,2024-11-06 18:57:53_651
site_3,Unregistering P9XT6XJDNZY72TAO from site_3,2024-11-06 18:58:12_804
site_6,Changing c vlan for W394TJVJ5IQ5XJGH from site_6,2024-11-06 18:58:15_818
site_4,Changing c vlan for UZ01DS0MMIR5F88S from site_4,2024-11-06 18:58:19_903
site_2,Changing vlan type for 6J1QGIAEHS4GPH9C from site_2,2024-11-06 18:58:26_823
site_6,Changing gemport for J0NYQG0R99CHUFWM from site_6,2024-11-06 18:58:36_914
site_1,Changing gemport for 2BGN7T2P52BD4ZCA from site_1,2024-11-06 18:58:47_557
site_1,Unregistering JQC0J26J93HZLEZG from site_1,2024-11-06 18:58:55_337
site_1,Unregistering D4JK5LNUA3SM5PL8 from site_1,2024-11-06 18:59:06_239
site_3,Changing c vlan for OVL3Q6T0R5Q0P1TR from site_3,2024-11-06 18:59:20_225
site_1,Changing vlan type for KR12NS4D1EKKO8QP from site_1,2024-11-06 18:59:29_259
site_6,Changing c vlan for 0QBEA55Z167M1QCD from site_6,2024-11-06 18:59:34_227
site_2,Unregistering 31UZELURHMCW7Q62 from site_2,2024-11-06 18:59:43_626
site_4,Changing vlan type for SLKZZO5DO1LDD0GW from site_4,2024-11-06 18:59:50_591
site_2,Changing snmp profile for D4JK5LNUA3SM5PL8 from site_2,2024-11-06 18:59:53_133
site_4,Changing s vlan for R177TFGST2G9HFQ4 from site_4,2024-11-06 19:00:00_532
site_6,Changing state of telnet from site_6,2024-11-06 19:00:04_598
site_1,Changing vlan type for 05NAESQN6IHL15XZ from site_1,2024-11-06 19:00:09_808
site_4,Changing gemport for 9YNHYQN915JMR93J from site_4,2024-11-06 19:00:16_836
site_2,Changing vlan type for K11YSQ5WYZKLL4YO from site_2,2024-11-06 19:00:22_971
site_5,Changing state of telnet from site_5,2024-11-06 19:00:26_540
site_2,Unregistering P39J6SKQN0JZ1S2Y from site_2,2024-11-06 19:00:28_809
site_5,Changing s vlan for JJR9Y5B1NNIHMHT4 from site_5,2024-11-06 19:00:38_209
site_2,Changing state of web-proxy from site_2,2024-11-06 19:00:40_603
site_4,Changing vlan type for KEQ34WY6XQT769K2 from site_4,2024-11-06 19:00:56_829
site_3,Changing vlan type for R8AGOTGTDSGI8QWQ from site_3,2024-11-06 19:01:00_646
site_6,Changing c vlan for 1R27HZZ2VD6UQSPQ from site_6,2024-11-06 19:01:05_399
site_4,Changing state of ntp from site_4,2024-11-06 19:01:07_468
site_3,Changing vlan type for 1O4AEVCSV6PIWWYA from site_3,2024-11-06 19:01:17_766
site_1,Changing c vlan for 5OGYXKA9WVFAPPJY from site_1,2024-11-06 19:01:37_708
site_1,Changing vlan type for 9GY8A0XGZY7FL12D from site_1,2024-11-06 19:01:42_468
site_2,Changing gemport for 3Q5GHJ8D2GEM45WK from site_2,2024-11-06 19:01:48_815
site_1,Changing s vlan for AL2YU4SFZ5ZYSZI9 from site_1,2024-11-06 19:01:58_102
site_2,Changing state of telnet from site_2,2024-11-06 19:02:00_826
site_6,Changing snmp profile for 0QBEA55Z167M1QCD from site_6,2024-11-06 19:02:04_758
site_5,Changing s vlan for QMRIUEU9APOWAI4V from site_5,2024-11-06 19:02:07_336
site_2,Changing vlan type for PIBM83RJO5AZ00XR from site_2,2024-11-06 19:02:12_711
site_6,Changing s vlan for F2TEL2V2SQT0UZ6U from site_6,2024-11-06 19:02:15_723
site_4,Changing snmp profile for 05NAESQN6IHL15XZ from site_4,2024-11-06 19:02:19_045
site_3,Changing state of ssh from site_3,2024-11-06 19:02:21_325
site_4,Changing state of trace from site_4,2024-11-06 19:02:31_353
site_4,Changing snmp profile for DFNS5G7X6XW2U1G3 from site_4,2024-11-06 19:02:34_148
site_5,Changing gemport for 3GKOAF7ZT1YD9OCF from site_5,2024-11-06 19:02:40_370
site_5,Changing s vlan for BPKXBIQ8BH0ZH1IJ from site_5,2024-11-06 19:02:42_463
site_1,Changing s vlan for 7X2YLO0XPELWN39Q from site_1,2024-11-06 19:02:43_296
site_3,Changing c vlan for 0D4GNC8BAGWSJ96H from site_3,2024-11-06 19:02:48_238
site_3,Changing s vlan for GBX4HREANADGN8WG from site_3,2024-11-06 19:03:06_866
site_2,Changing vlan type for IM5SJO3JX02LQ8QC from site_2,2024-11-06 19:03:15_560
site_6,Changing state of ntp6 from site_6,2024-11-06 19:03:22_074
site_5,Changing vlan type for UZ01DS0MMIR5F88S from site_5,2024-11-06 19:03:24_766
site_6,Changing gemport for 1H9G9E40GJFVDFHY from site_6,2024-11-06 19:03:28_189
site_2,Changing c vlan for MTX14U3U0504EY1U from site_2,2024-11-06 19:03:36_370
site_6,Changing vlan type for CL91ZJE3JQ98UJSX from site_6,2024-11-06 19:03:40_827
site_2,Unregistering 5OGYXKA9WVFAPPJY from site_2,2024-11-06 19:03:56_791
site_1,Changing c vlan for 7X2YLO0XPELWN39Q from site_1,2024-11-06 19:03:58_411
site_5,Changing vlan type for 1MXL3CIUXTF6SL4F from site_5,2024-11-06 19:04:00_332
site_4,Changing c vlan for KEQ34WY6XQT769K2 from site_4,2024-11-06 19:04:01_582
site_2,Changing snmp profile for VLDL8R9MLBDXZGFD from site_2,2024-11-06 19:04:03_526
site_5,Changing c vlan for JU08LX2KFXT58PMM from site_5,2024-11-06 19:04:09_486
site_5,Changing c vlan for GUWJ1YVP2ZC0N1W1 from site_5,2024-11-06 19:04:17_024
site_6,Changing gemport for O588HN83ZC5FOD66 from site_6,2024-11-06 19:04:20_095
site_5,Changing gemport for 4DEHN0FAU11PIRKA from site_5,2024-11-06 19:04:21_583
site_1,Changing c vlan for NGPU9MKX7FRAACK9 from site_1,2024-11-06 19:04:30_653
site_1,Changing s vlan for F67SJS1JI0XF3NLA from site_1,2024-11-06 19:04:42_873
site_3,Changing snmp profile for NOS0O08FRENOELUX from site_3,2024-11-06 19:04:56_034
site_2,Changing s vlan for I9JB0W5E59W9GRX1 from site_2,2024-11-06 19:04:57_951
site_6,Changing c vlan for DPAUJ8FXPQJ5WP0E from site_6,2024-11-06 19:05:06_039
site_4,Unregistering I9JB0W5E59W9GRX1 from site_4,2024-11-06 19:05:11_892
site_3,Changing c vlan for PIBM83RJO5AZ00XR from site_3,2024-11-06 19:05:14_196
site_1,Changing state of telnetv6 from site_1,2024-11-06 19:05:19_456
site_3,Changing c vlan for BJMOGM52S8Y9T0C3 from site_3,2024-11-06 19:05:20_301
site_1,Changing c vlan for OQCSER69Y51FO0UP from site_1,2024-11-06 19:05:44_240
site_4,Unregistering PIUJWFB578M664DD from site_4,2024-11-06 19:05:51_732
site_4,Changing c vlan for AWG7P12021AIWD9K from site_4,2024-11-06 19:05:52_357
site_1,Changing vlan type for 3GKOAF7ZT1YD9OCF from site_1,2024-11-06 19:05:59_601
site_5,Changing gemport for EKNXQV1ONQPO2YCW from site_5,2024-11-06 19:06:02_556
site_5,Changing snmp profile for 2WD2CHO0FE2NIQI6 from site_5,2024-11-06 19:06:04_052
site_6,Changing gemport for P39J6SKQN0JZ1S2Y from site_6,2024-11-06 19:06:05_162
site_5,Unregistering EKNXQV1ONQPO2YCW from site_5,2024-11-06 19:06:09_623
site_1,Changing gemport for NT9F0CMH9756DD95 from site_1,2024-11-06 19:06:10_239
site_6,Unregistering UZ01DS0MMIR5F88S from site_6,2024-11-06 19:06:16_784
site_2,Changing state of trace from site_2,2024-11-06 19:06:21_483
site_3,Changing snmp profile for JU08LX2KFXT58PMM from site_3,2024-11-06 19:06:24_210
site_1,Changing snmp profile for V8PBMJ4KERI6GZC8 from site_1,2024-11-06 19:06:28_741
site_5,Changing c vlan for 0GEGOMJCZH37ZA2O from site_5,2024-11-06 19:06:31_229
site_6,Changing c vlan for QMRIUEU9APOWAI4V from site_6,2024-11-06 19:06:34_203
site_5,Changing vlan type for EUP4QSF4DSKS6QNP from site_5,2024-11-06 19:06:37_424
site_6,Changing snmp profile for 1JI2FE5JBN4RVX2J from site_6,2024-11-06 19:06:40_073
site_2,Changing state of snmp from site_2,2024-11-06 19:06:41_132
site_3,Changing snmp profile for HP09XS956N8176NS from site_3,2024-11-06 19:06:44_250
site_4,Changing s vlan for VKB8IRQLK3BCRBJ0 from site_4,2024-11-06 19:06:46_648
site_1,Changing c vlan for VQA79GQOC8R98O9K from site_1,2024-11-06 19:06:48_978
site_4,Changing snmp profile for HP09XS956N8176NS from site_4,2024-11-06 19:06:55_252
site_1,Unregistering 6J1QGIAEHS4GPH9C from site_1,2024-11-06 19:07:07_638
site_2,Changing state of snmp from site_2,2024-11-06 19:07:12_412
site_2,Changing c vlan for 5OGYXKA9WVFAPPJY from site_2,2024-11-06 19:07:21_667
site_3,Changing c vlan for DMFR1DXXNH7P5SO1 from site_3,2024-11-06 19:07:25_866
site_3,Changing s vlan for 1R27HZZ2VD6UQSPQ from site_3,2024-11-06 19:07:28_985
site_6,Changing c vlan for HP09XS956N8176NS from site_6,2024-11-06 19:07:40_361
site_1,Unregistering RQ7XKQY0W5TDZ01Y from site_1,2024-11-06 19:07:48_502
site_1,Changing state of twamp from site_1,2024-11-06 19:07:52_789
site_2,Changing vlan type for 2GOECE5KV2B207GY from site_2,2024-11-06 19:08:13_310
site_1,Changing c vlan for D7F90VXRVQHZGKWI from site_1,2024-11-06 19:08:17_400
site_5,Changing vlan type for AWG7P12021AIWD9K from site_5,2024-11-06 19:08:28_669
site_6,Changing gemport for AWG7P12021AIWD9K from site_6,2024-11-06 19:08:32_320
site_6,Changing state of sshv6 from site_6,2024-11-06 19:08:42_074
site_2,Changing s vlan for MO5APDHQUSPXDUCK from site_2,2024-11-06 19:08:55_702
site_5,Changing gemport for AWG7P12021AIWD9K from site_5,2024-11-06 19:09:13_040
site_4,Changing c vlan for HDCZXNT04YTP3ZAE from site_4,2024-11-06 19:09:19_134
site_1,Changing c vlan for BH0CURAHQW6D4F3U from site_1,2024-11-06 19:09:33_375
site_2,Changing s vlan for VLDL8R9MLBDXZGFD from site_2,2024-11-06 19:09:35_002
site_4,Changing gemport for IM5SJO3JX02LQ8QC from site_4,2024-11-06 19:09:37_858
site_5,Changing gemport for NT9F0CMH9756DD95 from site_5,2024-11-06 19:09:41_203
site_5,Changing gemport for ETNEDM56XGJ5BFME from site_5,2024-11-06 19:09:49_481
site_2,Changing snmp profile for IXILM8MC8OPTBXAX from site_2,2024-11-06 19:09:51_977
site_3,Changing gemport for DFNS5G7X6XW2U1G3 from site_3,2024-11-06 19:09:54_511
site_1,Unregistering HP09XS956N8176NS from site_1,2024-11-06 19:10:01_287
site_5,Changing snmp profile for 39T3H133GTEI0IXX from site_5,2024-11-06 19:10:10_440
site_4,Changing vlan type for CT04UIAMRETQ1465 from site_4,2024-11-06 19:10:15_988
site_2,Changing s vlan for 6TAXTRKMI9VHBZ4A from site_2,2024-11-06 19:10:29_704
site_4,Changing snmp profile for 2ND9Q2V6GK0W46N2 from site_4,2024-11-06 19:10:33_687
site_5,Changing c vlan for 9YNHYQN915JMR93J from site_5,2024-11-06 19:10:37_121
site_5,Changing s vlan for NOS0O08FRENOELUX from site_5,2024-11-06 19:10:40_336
site_1,Changing c vlan for 8KAAIND4KX7IO872 from site_1,2024-11-06 19:10:42_558
site_5,Changing gemport for OMNV53CT3BYRAT08 from site_5,2024-11-06 19:10:44_268
site_4,Changing snmp profile for D0O8QNNSL86P1H0T from site_4,2024-11-06 19:10:47_225
site_6,Changing gemport for TH0R1UUUWEXD7UMA from site_6,2024-11-06 19:10:52_870
site_1,Changing s vlan for P9XT6XJDNZY72TAO from site_1,2024-11-06 19:10:58_662
site_1,Unregistering HP09XS956N8176NS from site_1,2024-11-06 19:11:04_765
site_5,Changing vlan type for 8AYJTLOM2JNS3JH6 from site_5,2024-11-06 19:11:05_747
site_5,Changing gemport for 2BGN7T2P52BD4ZCA from site_5,2024-11-06 19:11:16_974
site_3,Changing state of telnet from site_3,2024-11-06 19:11:22_003
site_1,Unregistering GBX4HREANADGN8WG from site_1,2024-11-06 19:11:25_723
site_5,Changing state of ipdr from site_5,2024-11-06 19:11:27_908
site_6,Changing state of ssh from site_6,2024-11-06 19:11:29_873
site_5,Changing snmp profile for 28YFP37KA8HZ5E5W from site_5,2024-11-06 19:11:31_732
site_6,Changing gemport for VYRIWAY1V934NQL9 from site_6,2024-11-06 19:11:36_903
site_5,Changing gemport for HDCPREU297Y5TL4D from site_5,2024-11-06 19:11:43_112
site_1,Changing c vlan for N9DHWUN4K0HUIEL9 from site_1,2024-11-06 19:11:45_113
site_4,Changing state of dhcp-relay from site_4,2024-11-06 19:11:46_866
site_3,Changing snmp profile for GW1EUXKCFCLIR0G4 from site_3,2024-11-06 19:11:50_716
site_3,Unregistering 1O4AEVCSV6PIWWYA from site_3,2024-11-06 19:12:01_319
_,Exiting chaos monkey,2024-11-06 19:12:03_971
