_,Starting chaos monkey,2024-11-05 22:03:53_713
site_2,Unregistering CAWAXALY9QR6DGBN from site_2,2024-11-05 22:03:59_765
site_1,Changing state of netconf from site_1,2024-11-05 22:04:05_814
site_2,Changing c vlan for 5HZTRQFB079YBJ16 from site_2,2024-11-05 22:04:12_134
site_2,Changing gemport for WSRTQSC3C8S7M53H from site_2,2024-11-05 22:04:20_259
site_1,Changing c vlan for V6HF1V8086U7O1XM from site_1,2024-11-05 22:04:22_535
site_3,Changing gemport for GLHW2G6N8ICD62ZA from site_3,2024-11-05 22:04:30_586
site_2,Changing vlan type for J1OKJYJCZKGYO1E0 from site_2,2024-11-05 22:04:38_043
site_1,Changing snmp profile for O2M1R8W4OVMVVD5X from site_1,2024-11-05 22:04:57_552
site_2,Changing vlan type for 6URQPS9MXARWZR1L from site_2,2024-11-05 22:05:25_946
site_1,Changing gemport for UCVN0JNS1GN3DZZN from site_1,2024-11-05 22:05:26_897
site_1,Changing state of telnetv6 from site_1,2024-11-05 22:05:28_437
site_1,Changing state of mqtt from site_1,2024-11-05 22:05:35_632
site_3,Changing s vlan for DS4RETILYFFPFDFL from site_3,2024-11-05 22:05:37_562
site_3,Changing gemport for 9VWNYC903A2P8EAM from site_3,2024-11-05 22:05:43_824
site_1,Unregistering HF0095G5ZSE71LPW from site_1,2024-11-05 22:05:54_857
site_3,Changing s vlan for 0VACG7MG7HBTTVQX from site_3,2024-11-05 22:06:12_636
site_2,Changing vlan type for C45I5BLOHI7AK56Z from site_2,2024-11-05 22:06:15_156
site_3,Changing s vlan for CJ456JS5R5B2S6BJ from site_3,2024-11-05 22:06:20_641
site_1,Changing gemport for HJDBVOTMLK7T8DUX from site_1,2024-11-05 22:06:29_254
site_3,Unregistering NCU6LKJUWTI6MJ44 from site_3,2024-11-05 22:06:51_536
site_2,Unregistering 52PHXLBHH17W9RZM from site_2,2024-11-05 22:06:54_260
site_2,Changing c vlan for T3W5E9WZTK1D0EXR from site_2,2024-11-05 22:07:09_150
site_1,Changing snmp profile for 7POHRXIGBR0ZYKPM from site_1,2024-11-05 22:07:14_994
site_3,Changing c vlan for PZU7PI6ZVMISBJ5R from site_3,2024-11-05 22:07:36_993
site_1,Changing state of sshv6 from site_1,2024-11-05 22:07:44_354
site_3,Changing s vlan for 2JZXGB2VUYN3WIHK from site_3,2024-11-05 22:07:54_370
site_2,Changing state of snmp from site_2,2024-11-05 22:08:03_493
site_1,Changing vlan type for UOFVUQ5RMRBSOOVS from site_1,2024-11-05 22:08:30_763
site_1,Changing s vlan for SF1KEEF50C1LM3Z8 from site_1,2024-11-05 22:09:11_853
site_3,Changing gemport for WY2FY92CV7891LCQ from site_3,2024-11-05 22:09:21_099
site_1,Changing c vlan for 8NDVAM0MCEKBV79S from site_1,2024-11-05 22:09:29_650
site_2,Changing snmp profile for I2UF2QQ2XXVKQ6YC from site_2,2024-11-05 22:09:35_031
site_1,Unregistering 6BTBFROGP93SQJV9 from site_1,2024-11-05 22:09:40_486
site_3,Changing vlan type for 9Y3JYTSDDCGI43I7 from site_3,2024-11-05 22:09:44_054
site_2,Changing snmp profile for 54DN4GXVW3V4EDNF from site_2,2024-11-05 22:09:54_815
site_3,Changing state of sshv6 from site_3,2024-11-05 22:10:04_127
site_3,Changing gemport for VJ935MQ9ASQJZ3BN from site_3,2024-11-05 22:10:06_865
site_2,Unregistering 9WNIMQ7BG4OZL22S from site_2,2024-11-05 22:10:23_553
site_2,Changing vlan type for SS5YZD1TTAOL3PPH from site_2,2024-11-05 22:10:40_762
site_3,Changing gemport for DCBW4X8BOFLQZCZV from site_3,2024-11-05 22:10:44_598
site_2,Changing gemport for HN65WTK4SUA8E81V from site_2,2024-11-05 22:10:54_503
site_2,Unregistering QRU8554PRP2SP1US from site_2,2024-11-05 22:11:03_963
site_2,Unregistering X9DS4CLGUGO9I1KZ from site_2,2024-11-05 22:11:09_542
site_1,Changing snmp profile for QRU8554PRP2SP1US from site_1,2024-11-05 22:11:17_630
site_3,Unregistering ADDE1L4R0121OYPA from site_3,2024-11-05 22:11:22_245
site_2,Changing gemport for 6VXRFNQMF64GE8TG from site_2,2024-11-05 22:11:38_918
site_2,Changing c vlan for HPW283785MR25Q69 from site_2,2024-11-05 22:11:44_402
site_1,Unregistering HHE56C3K7XV96603 from site_1,2024-11-05 22:11:52_076
site_3,Changing vlan type for GMBGLFC45A4QZ55I from site_3,2024-11-05 22:12:01_158
site_3,Changing c vlan for 98CD1ND3ZTIYEDK4 from site_3,2024-11-05 22:12:03_919
site_3,Changing snmp profile for 2FBRAG6TBOME5JIF from site_3,2024-11-05 22:12:14_102
site_3,Changing gemport for Q1ZVO5Y2XIDYU7WK from site_3,2024-11-05 22:12:48_746
site_2,Unregistering S5XHGFH32A6E1VNJ from site_2,2024-11-05 22:13:23_381
site_2,Changing snmp profile for I2UF2QQ2XXVKQ6YC from site_2,2024-11-05 22:13:33_827
site_3,Changing s vlan for GLHW2G6N8ICD62ZA from site_3,2024-11-05 22:13:44_994
site_2,Changing state of capwap from site_2,2024-11-05 22:13:47_862
site_1,Changing state of web-proxy from site_1,2024-11-05 22:14:02_927
site_3,Changing c vlan for JRZL4Z1CGYQY86I2 from site_3,2024-11-05 22:14:12_688
site_1,Changing vlan type for 8HZC9M4OCDAHFTRK from site_1,2024-11-05 22:15:05_127
site_2,Changing c vlan for SS5YZD1TTAOL3PPH from site_2,2024-11-05 22:15:20_869
site_3,Changing snmp profile for FZN7PNIIWXJKXBB5 from site_3,2024-11-05 22:15:23_624
site_1,Changing vlan type for Q1ZVO5Y2XIDYU7WK from site_1,2024-11-05 22:15:28_303
site_1,Changing state of sftp-client from site_1,2024-11-05 22:15:31_071
site_3,Changing snmp profile for IYID3QY9X9I65ULL from site_3,2024-11-05 22:15:41_381
site_1,Changing gemport for FVVJLPMJ0HPM7G8C from site_1,2024-11-05 22:15:41_751
site_2,Changing state of portal from site_2,2024-11-05 22:15:48_712
site_2,Unregistering QHXF7V2P0ONX34XA from site_2,2024-11-05 22:15:59_794
site_1,Changing s vlan for 96NWX5503BYP1AD6 from site_1,2024-11-05 22:16:11_222
site_3,Changing c vlan for 7VGFW7TUIL71ZQOH from site_3,2024-11-05 22:16:44_291
site_3,Unregistering OCB9DXTJA84JA842 from site_3,2024-11-05 22:17:13_632
site_2,Unregistering WPQG1M2L6OUFAXTN from site_2,2024-11-05 22:17:23_638
site_1,Changing state of ipdr from site_1,2024-11-05 22:17:28_523
site_3,Changing snmp profile for 7VGFW7TUIL71ZQOH from site_3,2024-11-05 22:17:41_996
site_2,Changing gemport for S14EO4SKPXVIMUNQ from site_2,2024-11-05 22:18:10_293
site_3,Changing state of netconf from site_3,2024-11-05 22:18:22_677
site_3,Changing gemport for T38BWN3SGT668MQ4 from site_3,2024-11-05 22:18:37_312
site_2,Changing c vlan for SONKSQQ00KMEL4JD from site_2,2024-11-05 22:18:49_472
site_2,Changing s vlan for X1OFVVQ4FZNNLS7F from site_2,2024-11-05 22:19:01_339
site_1,Changing c vlan for SZU56ML50KHJHX72 from site_1,2024-11-05 22:19:17_563
site_3,Changing snmp profile for DQ4AMSFD4XZ7FEZM from site_3,2024-11-05 22:19:29_232
site_1,Changing gemport for MF1W7AFE4SQDEZNJ from site_1,2024-11-05 22:19:35_298
site_3,Changing c vlan for QHRX6AN5IOVSV4SH from site_3,2024-11-05 22:19:36_006
site_2,Changing vlan type for S3N9IGFNU4INN35M from site_2,2024-11-05 22:19:42_398
site_2,Changing c vlan for DS4RETILYFFPFDFL from site_2,2024-11-05 22:19:46_203
site_1,Unregistering EEWAD1TJ8BK4ZY3W from site_1,2024-11-05 22:19:55_618
site_1,Changing c vlan for R6S8XFPSWBX0VLW0 from site_1,2024-11-05 22:19:59_410
site_2,Changing s vlan for UCVN0JNS1GN3DZZN from site_2,2024-11-05 22:20:02_359
site_2,Changing snmp profile for O8B40PBWCPJ7E5AF from site_2,2024-11-05 22:20:12_782
site_1,Unregistering M12RHR9JZXPHKWDD from site_1,2024-11-05 22:20:17_949
site_1,Changing state of mqtt from site_1,2024-11-05 22:20:24_548
site_2,Changing c vlan for X9DS4CLGUGO9I1KZ from site_2,2024-11-05 22:20:39_939
site_1,Changing gemport for C8GVJ0B1RJH5PPPD from site_1,2024-11-05 22:20:45_091
site_2,Changing gemport for XAR5QU678MW2U72R from site_2,2024-11-05 22:20:51_813
site_3,Changing state of trace from site_3,2024-11-05 22:20:53_516
site_1,Changing vlan type for LO3KVIM41FP55D3J from site_1,2024-11-05 22:21:19_367
site_1,Changing s vlan for YA6W11LDM71JLHKP from site_1,2024-11-05 22:21:24_767
site_3,Changing s vlan for LSBWZXZDXSXU2V4K from site_3,2024-11-05 22:21:32_751
site_1,Changing c vlan for BDNRQT6YZ9E9GGJV from site_1,2024-11-05 22:21:36_276
site_2,Changing state of dhcpv6-relay from site_2,2024-11-05 22:21:55_718
site_1,Changing c vlan for AL9BI85C2S9UW55N from site_1,2024-11-05 22:22:07_709
site_2,Unregistering RJ3J4JA43ISHGU0M from site_2,2024-11-05 22:22:12_670
site_1,Changing state of trace from site_1,2024-11-05 22:22:18_531
site_1,Changing state of capwap from site_1,2024-11-05 22:22:23_351
site_2,Changing c vlan for TKPEL7YYFY5H4F8P from site_2,2024-11-05 22:22:38_346
site_1,Changing s vlan for ICYDLZ5Y2RMD8DQD from site_1,2024-11-05 22:22:41_071
site_3,Changing s vlan for Q1ZVO5Y2XIDYU7WK from site_3,2024-11-05 22:22:43_572
site_3,Changing vlan type for 20UJSMY7X5N3YS19 from site_3,2024-11-05 22:22:55_347
site_3,Changing state of netconf from site_3,2024-11-05 22:23:07_463
site_2,Changing state of ssh from site_2,2024-11-05 22:23:19_156
site_2,Unregistering HLBXLATGBKRV5BY6 from site_2,2024-11-05 22:23:22_404
site_2,Changing vlan type for MI9VKRR4L3IUETKF from site_2,2024-11-05 22:23:28_792
site_3,Changing vlan type for X6YERVK1EK11KLQZ from site_3,2024-11-05 22:23:35_689
site_2,Changing s vlan for S3N9IGFNU4INN35M from site_2,2024-11-05 22:23:40_787
site_2,Unregistering 43S4V36WIRWFCHUD from site_2,2024-11-05 22:23:48_090
site_1,Unregistering 9WNIMQ7BG4OZL22S from site_1,2024-11-05 22:23:58_572
site_2,Changing vlan type for O1JACIQO6DLC02Z2 from site_2,2024-11-05 22:24:25_171
site_3,Changing c vlan for WB61MOC9PIELTSVH from site_3,2024-11-05 22:24:32_325
site_2,Changing snmp profile for I2OUH8807W0FOKYC from site_2,2024-11-05 22:24:37_934
site_3,Changing snmp profile for F9CPRYMHXIWBE7ME from site_3,2024-11-05 22:24:52_599
site_1,Changing gemport for WXNOBAYC73VUR8J3 from site_1,2024-11-05 22:25:01_040
site_1,Changing state of radius from site_1,2024-11-05 22:25:27_798
site_1,Changing gemport for JRZL4Z1CGYQY86I2 from site_1,2024-11-05 22:25:40_194
site_1,Unregistering LO3KVIM41FP55D3J from site_1,2024-11-05 22:25:51_458
site_2,Changing s vlan for Q1ZVO5Y2XIDYU7WK from site_2,2024-11-05 22:25:57_513
site_2,Changing gemport for 6URQPS9MXARWZR1L from site_2,2024-11-05 22:26:00_907
site_3,Changing snmp profile for GBPSIUT23C7R8I85 from site_3,2024-11-05 22:26:05_809
site_2,Changing snmp profile for I2UF2QQ2XXVKQ6YC from site_2,2024-11-05 22:26:32_516
site_3,Unregistering 2DKDNPDQGHF3AESV from site_3,2024-11-05 22:26:36_587
site_1,Unregistering GS5YQ8KD89TIB0PK from site_1,2024-11-05 22:26:42_443
site_1,Changing vlan type for 62VR6FBHAUWANGND from site_1,2024-11-05 22:26:50_500
site_2,Unregistering MDOIPPRTT5W5XWAD from site_2,2024-11-05 22:26:51_764
site_2,Changing c vlan for QRU8554PRP2SP1US from site_2,2024-11-05 22:26:55_274
site_3,Changing vlan type for GMBGLFC45A4QZ55I from site_3,2024-11-05 22:27:16_937
site_2,Unregistering 43FZIAFB5M3PUM5V from site_2,2024-11-05 22:27:37_489
site_3,Changing gemport for 2FBRAG6TBOME5JIF from site_3,2024-11-05 22:27:47_703
site_1,Changing c vlan for 6URQPS9MXARWZR1L from site_1,2024-11-05 22:27:55_120
site_1,Unregistering 54DN4GXVW3V4EDNF from site_1,2024-11-05 22:28:35_557
site_3,Changing gemport for 4CIOVOVI78XBZBPP from site_3,2024-11-05 22:29:01_307
site_3,Unregistering 0TE7STZKLY8NKJZW from site_3,2024-11-05 22:29:03_630
site_2,Connection error,2024-11-05 22:29:07_049
site_3,Connection error,2024-11-05 22:29:07_299
_,Exiting chaos monkey,2024-11-05 22:29:07_299
